<?xml version="1.0"?>
<Interface Version="1" Minor="1">
	<Ifc Id="ROOT" Top="1">
		<Bus Id="y">
			<Port Id="3" Dir="IN"/>
			<Port Id="2" Dir="IN"/>
			<Port Id="1" Dir="IN"/>
			<Port Id="0" Dir="IN"/>
		</Bus>
		<Bus Id="PB">
			<Port Id="2" Dir="IN"/>
			<Port Id="1" Dir="IN"/>
			<Port Id="0" Dir="IN"/>
		</Bus>
		<Bus Id="data">
			<Port Id="3" Dir="OUT"/>
			<Port Id="2" Dir="OUT"/>
			<Port Id="1" Dir="OUT"/>
			<Port Id="0" Dir="OUT"/>
		</Bus>
		<Port Id="clk" Dir="IN"/>
		<Port Id="rota" Dir="IN"/>
		<Port Id="rotb" Dir="IN"/>
		<Port Id="lcd_rs" Dir="OUT"/>
		<Port Id="lcd_w" Dir="OUT"/>
		<Port Id="lcd_e" Dir="OUT"/>
	</Ifc>
</Interface>

